"","(Intercept)","dept_id"
"15",0.0172105596050927,"15"
"5",0.0504985814356492,"5"
"10",-0.124354155843624,"10"
"12",0.0180897575241262,"12"
"6",-0.0665685935570926,"6"
"7",0.0376324771800788,"7"
"4",0.0818520204766247,"4"
"8",0.113196959365669,"8"
"9",-0.0369171351929634,"9"
"14",-0.0320131093679916,"14"
"1",0.0251619667636418,"1"
"3",0.0281748539677167,"3"
"11",-0.0752573476292343,"11"
"2",-0.0367068346772158,"2"
